agreement_id,customer_id,country,product,currency,origination_date,principal_amount,updated_at
A001,C001,KE, phones ,KES,2026-01-01,6010.25,2026-01-02 09:00:00
A002,C001, ke ,BODA,KES,2026-01-01,6020.25,2026-01-02 09:00:00
A003,C002,KE, phones ,KES,2026-01-01,6030.25,2026-01-02 09:00:00
A004,C002,KE,BODA,KES,2026-01-01,6040.25,2026-01-02 09:00:00
A005,C003,KE, phones ,KES,2026-01-01,6050.25,2026-01-02 09:00:00
A006,C003,KE,BODA,KES,2026-01-01,6060.25,2026-01-02 09:00:00
A007,C004,KE, phones ,KES,2026-01-01,6070.25,2026-01-02 09:00:00
A008,C004,KE,BODA,KES,2026-01-01,6080.25,2026-01-02 09:00:00
A009,C005,KE, phones ,KES,2026-01-01,6090.25,2026-01-02 09:00:00
A010,C005,KE,BODA,KES,2026-01-01,6100.25,2026-01-02 09:00:00
A011,C006,KE, phones ,KES,2026-01-01,6110.25,2026-01-02 09:00:00
A012,C006,KE,BODA,KES,2026-01-01,6120.25,2026-01-02 09:00:00
A013,C007,KE, phones ,KES,2026-01-01,6130.25,2026-01-02 09:00:00
A014,C007,KE,BODA,KES,2026-01-01,6140.25,2026-01-02 09:00:00
A015,C008,KE, phones ,KES,2026-01-01,6150.25,2026-01-02 09:00:00
A016,C008,KE,BODA,KES,2026-01-01,6160.25,2026-01-02 09:00:00
A017,C009,KE, phones ,KES,2026-01-01,6170.25,2026-01-02 09:00:00
A018,C009,KE,BODA,KES,2026-01-01,6180.25,2026-01-02 09:00:00
A019,C010,KE, phones ,KES,2026-01-01,6190.25,2026-01-02 09:00:00
A020,C010,KE,BODA,KES,2026-01-01,6200.25,2026-01-02 09:00:00
A021,C011,KE, phones ,KES,2026-01-01,6210.25,2026-01-02 09:00:00
A022,C011,KE,BODA,KES,2026-01-01,6220.25,2026-01-02 09:00:00
A023,C012,KE, phones ,KES,2026-01-01,6230.25,2026-01-02 09:00:00
A024,C012,KE,BODA,KES,2026-01-01,6240.25,2026-01-02 09:00:00
A025,C013,KE, phones ,KES,2026-01-01,6250.25,2026-01-02 09:00:00
A026,C013,KE,BODA,KES,2026-01-01,6260.25,2026-01-02 09:00:00
A027,C014,KE, phones ,KES,2026-01-01,6270.25,2026-01-02 09:00:00
A028,C014,KE,BODA,KES,2026-01-01,6280.25,2026-01-02 09:00:00
A029,C015,KE, phones ,KES,2026-01-01,6290.25,2026-01-02 09:00:00
A030,C015,KE,BODA,KES,2026-01-01,6300.25,2026-01-02 09:00:00
A031,C016,UG, phones ,UGX,2026-01-01,6310.25,2026-01-02 09:00:00
A032,C016,UG,BODA,UGX,2026-01-01,6320.25,2026-01-02 09:00:00
A033,C017,UG, phones ,UGX,2026-01-01,6330.25,2026-01-02 09:00:00
A034,C017,UG,BODA,UGX,2026-01-01,6340.25,2026-01-02 09:00:00
A035,C018,UG, phones ,UGX,2026-01-01,6350.25,2026-01-02 09:00:00
A036,C018,UG,BODA,UGX,2026-01-01,6360.25,2026-01-02 09:00:00
A037,C019,UG, phones ,UGX,2026-01-01,6370.25,2026-01-02 09:00:00
A038,C019,UG,BODA,UGX,2026-01-01,6380.25,2026-01-02 09:00:00
A039,C020,UG, phones ,UGX,2026-01-01,6390.25,2026-01-02 09:00:00
A040,C020,UG,BODA,UGX,2026-01-01,6400.25,2026-01-02 09:00:00
A041,C021,UG, phones ,UGX,2026-01-01,6410.25,2026-01-02 09:00:00
A042,C021,UG,BODA,UGX,2026-01-01,6420.25,2026-01-02 09:00:00
A043,C022,UG, phones ,UGX,2026-01-01,6430.25,2026-01-02 09:00:00
A044,C022,UG,BODA,UGX,2026-01-01,6440.25,2026-01-02 09:00:00
A045,C023,UG, phones ,UGX,2026-01-01,6450.25,2026-01-02 09:00:00
A046,C023,UG,BODA,UGX,2026-01-01,6460.25,2026-01-02 09:00:00
A047,C024,UG, phones ,UGX,2026-01-01,6470.25,2026-01-02 09:00:00
A048,C024,UG,BODA,UGX,2026-01-01,6480.25,2026-01-02 09:00:00
A049,C025,UG, phones ,UGX,2026-01-01,6490.25,2026-01-02 09:00:00
A050,C025,UG,BODA,UGX,2026-01-01,6500.25,2026-01-02 09:00:00
A051,C026,UG, phones ,UGX,2026-01-01,6510.25,2026-01-02 09:00:00
A052,C026,UG,BODA,UGX,2026-01-01,6520.25,2026-01-02 09:00:00
A053,C027,UG, phones ,UGX,2026-01-01,6530.25,2026-01-02 09:00:00
A054,C027,UG,BODA,UGX,2026-01-01,6540.25,2026-01-02 09:00:00
A055,C028,UG, phones ,UGX,2026-01-01,6550.25,2026-01-02 09:00:00
A056,C028,UG,BODA,UGX,2026-01-01,6560.25,2026-01-02 09:00:00
A057,C029,UG, phones ,UGX,2026-01-01,6570.25,2026-01-02 09:00:00
A058,C029,UG,BODA,UGX,2026-01-01,6580.25,2026-01-02 09:00:00
A059,C030,UG, phones ,UGX,2026-01-01,6590.25,2026-01-02 09:00:00
A060,C030,UG,BODA,UGX,2026-01-01,6600.25,2026-01-02 09:00:00
A001,C001,KE, phones ,KES,2026-01-01,6000.00,2026-01-01 09:00:00
