payment_id,agreement_id,payment_date,amount,status,updated_at
P001-1,A001,2026-01-16,1000.25,POSTED,2026-01-15 12:00:00
P002-1,A002,2026-01-17,1000.25,POSTED,2026-01-15 12:00:00
P002-2,A002,2026-02-17,1000.25,POSTED,2026-02-15 12:00:00
P003-1,A003,2026-01-18,1000.25,POSTED,2026-01-15 12:00:00
P003-2,A003,2026-02-18,1000.25,POSTED,2026-02-15 12:00:00
P003-3,A003,2026-03-18,1000.25,POSTED,2026-03-15 12:00:00
P004-1,A004,2026-01-19,1000.25,POSTED,2026-01-15 12:00:00
P004-2,A004,2026-02-19,1000.25,POSTED,2026-02-15 12:00:00
P004-3,A004,2026-03-19,1000.25,POSTED,2026-03-15 12:00:00
P004-4,A004,2026-04-19,1000.25,POSTED,2026-04-15 12:00:00
P005-1,A005,2026-01-20,1000.25,POSTED,2026-01-15 12:00:00
P005-2,A005,2026-02-20,1000.25,POSTED,2026-02-15 12:00:00
P005-3,A005,2026-03-20,1000.25,POSTED,2026-03-15 12:00:00
P005-4,A005,2026-04-20,1000.25,POSTED,2026-04-15 12:00:00
P005-5,A005,2026-05-20,1000.25,POSTED,2026-05-15 12:00:00
P006-1,A006,2026-01-21,1000.25,POSTED,2026-01-15 12:00:00
P006-2,A006,2026-02-21,1000.25,POSTED,2026-02-15 12:00:00
P006-3,A006,2026-03-21,1000.25,POSTED,2026-03-15 12:00:00
P006-4,A006,2026-04-21,1000.25,POSTED,2026-04-15 12:00:00
P006-5,A006,2026-05-21,1000.25,POSTED,2026-05-15 12:00:00
P006-6,A006,2026-06-21,1000.25,POSTED,2026-06-15 12:00:00
P008-1,A008,2026-01-23,1000.25,POSTED,2026-01-15 12:00:00
P009-1,A009,2026-01-15,1000.25,POSTED,2026-01-15 12:00:00
P009-2,A009,2026-02-15,1000.25,POSTED,2026-02-15 12:00:00
P010-1,A010,2026-01-16,1000.25,POSTED,2026-01-15 12:00:00
P010-2,A010,2026-02-16,1000.25,POSTED,2026-02-15 12:00:00
P010-3,A010,2026-03-16,1000.25,POSTED,2026-03-15 12:00:00
P011-1,A011,2026-01-17,1000.25,POSTED,2026-01-15 12:00:00
P011-2,A011,2026-02-17,1000.25,POSTED,2026-02-15 12:00:00
P011-3,A011,2026-03-17,1000.25,POSTED,2026-03-15 12:00:00
P011-4,A011,2026-04-17,1000.25,POSTED,2026-04-15 12:00:00
P012-1,A012,2026-01-18,1000.25,POSTED,2026-01-15 12:00:00
P012-2,A012,2026-02-18,1000.25,POSTED,2026-02-15 12:00:00
P012-3,A012,2026-03-18,1000.25,POSTED,2026-03-15 12:00:00
P012-4,A012,2026-04-18,1000.25,POSTED,2026-04-15 12:00:00
P012-5,A012,2026-05-18,1000.25,POSTED,2026-05-15 12:00:00
P013-1,A013,2026-01-19,1000.25,POSTED,2026-01-15 12:00:00
P013-2,A013,2026-02-19,1000.25,POSTED,2026-02-15 12:00:00
P013-3,A013,2026-03-19,1000.25,POSTED,2026-03-15 12:00:00
P013-4,A013,2026-04-19,1000.25,POSTED,2026-04-15 12:00:00
P013-5,A013,2026-05-19,1000.25,POSTED,2026-05-15 12:00:00
P013-6,A013,2026-06-19,1000.25,POSTED,2026-06-15 12:00:00
P015-1,A015,2026-01-21,1000.25,POSTED,2026-01-15 12:00:00
P016-1,A016,2026-01-22,1000.25,POSTED,2026-01-15 12:00:00
P016-2,A016,2026-02-22,1000.25,POSTED,2026-02-15 12:00:00
P017-1,A017,2026-01-23,1000.25,POSTED,2026-01-15 12:00:00
P017-2,A017,2026-02-23,1000.25,POSTED,2026-02-15 12:00:00
P017-3,A017,2026-03-23,1000.25,POSTED,2026-03-15 12:00:00
P018-1,A018,2026-01-15,1000.25,POSTED,2026-01-15 12:00:00
P018-2,A018,2026-02-15,1000.25,POSTED,2026-02-15 12:00:00
P018-3,A018,2026-03-15,1000.25,POSTED,2026-03-15 12:00:00
P018-4,A018,2026-04-15,1000.25,POSTED,2026-04-15 12:00:00
P019-1,A019,2026-01-16,1000.25,POSTED,2026-01-15 12:00:00
P019-2,A019,2026-02-16,1000.25,POSTED,2026-02-15 12:00:00
P019-3,A019,2026-03-16,1000.25,POSTED,2026-03-15 12:00:00
P019-4,A019,2026-04-16,1000.25,POSTED,2026-04-15 12:00:00
P019-5,A019,2026-05-16,1000.25,POSTED,2026-05-15 12:00:00
P020-1,A020,2026-01-17,1000.25,POSTED,2026-01-15 12:00:00
P020-2,A020,2026-02-17,1000.25,POSTED,2026-02-15 12:00:00
P020-3,A020,2026-03-17,1000.25,POSTED,2026-03-15 12:00:00
P020-4,A020,2026-04-17,1000.25,POSTED,2026-04-15 12:00:00
P020-5,A020,2026-05-17,1000.25,POSTED,2026-05-15 12:00:00
P020-6,A020,2026-06-17,1000.25,POSTED,2026-06-15 12:00:00
P022-1,A022,2026-01-19,1000.25,POSTED,2026-01-15 12:00:00
P023-1,A023,2026-01-20,1000.25,POSTED,2026-01-15 12:00:00
P023-2,A023,2026-02-20,1000.25,POSTED,2026-02-15 12:00:00
P024-1,A024,2026-01-21,1000.25,POSTED,2026-01-15 12:00:00
P024-2,A024,2026-02-21,1000.25,POSTED,2026-02-15 12:00:00
P024-3,A024,2026-03-21,1000.25,POSTED,2026-03-15 12:00:00
P025-1,A025,2026-01-22,1000.25,POSTED,2026-01-15 12:00:00
P025-2,A025,2026-02-22,1000.25,POSTED,2026-02-15 12:00:00
P025-3,A025,2026-03-22,1000.25,POSTED,2026-03-15 12:00:00
P025-4,A025,2026-04-22,1000.25,POSTED,2026-04-15 12:00:00
P026-1,A026,2026-01-23,1000.25,POSTED,2026-01-15 12:00:00
P026-2,A026,2026-02-23,1000.25,POSTED,2026-02-15 12:00:00
P026-3,A026,2026-03-23,1000.25,POSTED,2026-03-15 12:00:00
P026-4,A026,2026-04-23,1000.25,POSTED,2026-04-15 12:00:00
P026-5,A026,2026-05-23,1000.25,POSTED,2026-05-15 12:00:00
P027-1,A027,2026-01-15,1000.25,POSTED,2026-01-15 12:00:00
P027-2,A027,2026-02-15,1000.25,POSTED,2026-02-15 12:00:00
P027-3,A027,2026-03-15,1000.25,POSTED,2026-03-15 12:00:00
P027-4,A027,2026-04-15,1000.25,POSTED,2026-04-15 12:00:00
P027-5,A027,2026-05-15,1000.25,POSTED,2026-05-15 12:00:00
P027-6,A027,2026-06-15,1000.25,POSTED,2026-06-15 12:00:00
P029-1,A029,2026-01-17,1000.25,POSTED,2026-01-15 12:00:00
P030-1,A030,2026-01-18,1000.25,POSTED,2026-01-15 12:00:00
P030-2,A030,2026-02-18,1000.25,POSTED,2026-02-15 12:00:00
P031-1,A031,2026-01-19,1000.25,POSTED,2026-01-15 12:00:00
P031-2,A031,2026-02-19,1000.25,POSTED,2026-02-15 12:00:00
P031-3,A031,2026-03-19,1000.25,POSTED,2026-03-15 12:00:00
P032-1,A032,2026-01-20,1000.25,POSTED,2026-01-15 12:00:00
P032-2,A032,2026-02-20,1000.25,POSTED,2026-02-15 12:00:00
P032-3,A032,2026-03-20,1000.25,POSTED,2026-03-15 12:00:00
P032-4,A032,2026-04-20,1000.25,POSTED,2026-04-15 12:00:00
P033-1,A033,2026-01-21,1000.25,POSTED,2026-01-15 12:00:00
P033-2,A033,2026-02-21,1000.25,POSTED,2026-02-15 12:00:00
P033-3,A033,2026-03-21,1000.25,POSTED,2026-03-15 12:00:00
P033-4,A033,2026-04-21,1000.25,POSTED,2026-04-15 12:00:00
P033-5,A033,2026-05-21,1000.25,POSTED,2026-05-15 12:00:00
P034-1,A034,2026-01-22,1000.25,POSTED,2026-01-15 12:00:00
P034-2,A034,2026-02-22,1000.25,POSTED,2026-02-15 12:00:00
P034-3,A034,2026-03-22,1000.25,POSTED,2026-03-15 12:00:00
P034-4,A034,2026-04-22,1000.25,POSTED,2026-04-15 12:00:00
P034-5,A034,2026-05-22,1000.25,POSTED,2026-05-15 12:00:00
P034-6,A034,2026-06-22,1000.25,POSTED,2026-06-15 12:00:00
P036-1,A036,2026-01-15,1000.25,POSTED,2026-01-15 12:00:00
P037-1,A037,2026-01-16,1000.25,POSTED,2026-01-15 12:00:00
P037-2,A037,2026-02-16,1000.25,POSTED,2026-02-15 12:00:00
P038-1,A038,2026-01-17,1000.25,POSTED,2026-01-15 12:00:00
P038-2,A038,2026-02-17,1000.25,POSTED,2026-02-15 12:00:00
P038-3,A038,2026-03-17,1000.25,POSTED,2026-03-15 12:00:00
P039-1,A039,2026-01-18,1000.25,POSTED,2026-01-15 12:00:00
P039-2,A039,2026-02-18,1000.25,POSTED,2026-02-15 12:00:00
P039-3,A039,2026-03-18,1000.25,POSTED,2026-03-15 12:00:00
P039-4,A039,2026-04-18,1000.25,POSTED,2026-04-15 12:00:00
P040-1,A040,2026-01-19,1000.25,POSTED,2026-01-15 12:00:00
P040-2,A040,2026-02-19,1000.25,POSTED,2026-02-15 12:00:00
P040-3,A040,2026-03-19,1000.25,POSTED,2026-03-15 12:00:00
P040-4,A040,2026-04-19,1000.25,POSTED,2026-04-15 12:00:00
P040-5,A040,2026-05-19,1000.25,POSTED,2026-05-15 12:00:00
P041-1,A041,2026-01-20,1000.25,POSTED,2026-01-15 12:00:00
P041-2,A041,2026-02-20,1000.25,POSTED,2026-02-15 12:00:00
P041-3,A041,2026-03-20,1000.25,POSTED,2026-03-15 12:00:00
P041-4,A041,2026-04-20,1000.25,POSTED,2026-04-15 12:00:00
P041-5,A041,2026-05-20,1000.25,POSTED,2026-05-15 12:00:00
P041-6,A041,2026-06-20,1000.25,POSTED,2026-06-15 12:00:00
P043-1,A043,2026-01-22,1000.25,POSTED,2026-01-15 12:00:00
P044-1,A044,2026-01-23,1000.25,POSTED,2026-01-15 12:00:00
P044-2,A044,2026-02-23,1000.25,POSTED,2026-02-15 12:00:00
P045-1,A045,2026-01-15,1000.25,POSTED,2026-01-15 12:00:00
P045-2,A045,2026-02-15,1000.25,POSTED,2026-02-15 12:00:00
P045-3,A045,2026-03-15,1000.25,POSTED,2026-03-15 12:00:00
P046-1,A046,2026-01-16,1000.25,POSTED,2026-01-15 12:00:00
P046-2,A046,2026-02-16,1000.25,POSTED,2026-02-15 12:00:00
P046-3,A046,2026-03-16,1000.25,POSTED,2026-03-15 12:00:00
P046-4,A046,2026-04-16,1000.25,POSTED,2026-04-15 12:00:00
P047-1,A047,2026-01-17,1000.25,POSTED,2026-01-15 12:00:00
P047-2,A047,2026-02-17,1000.25,POSTED,2026-02-15 12:00:00
P047-3,A047,2026-03-17,1000.25,POSTED,2026-03-15 12:00:00
P047-4,A047,2026-04-17,1000.25,POSTED,2026-04-15 12:00:00
P047-5,A047,2026-05-17,1000.25,POSTED,2026-05-15 12:00:00
P048-1,A048,2026-01-18,1000.25,POSTED,2026-01-15 12:00:00
P048-2,A048,2026-02-18,1000.25,POSTED,2026-02-15 12:00:00
P048-3,A048,2026-03-18,1000.25,POSTED,2026-03-15 12:00:00
P048-4,A048,2026-04-18,1000.25,POSTED,2026-04-15 12:00:00
P048-5,A048,2026-05-18,1000.25,POSTED,2026-05-15 12:00:00
P048-6,A048,2026-06-18,1000.25,POSTED,2026-06-15 12:00:00
P050-1,A050,2026-01-20,1000.25,POSTED,2026-01-15 12:00:00
P051-1,A051,2026-01-21,1000.25,POSTED,2026-01-15 12:00:00
P051-2,A051,2026-02-21,1000.25,POSTED,2026-02-15 12:00:00
P052-1,A052,2026-01-22,1000.25,POSTED,2026-01-15 12:00:00
P052-2,A052,2026-02-22,1000.25,POSTED,2026-02-15 12:00:00
P052-3,A052,2026-03-22,1000.25,POSTED,2026-03-15 12:00:00
P053-1,A053,2026-01-23,1000.25,POSTED,2026-01-15 12:00:00
P053-2,A053,2026-02-23,1000.25,POSTED,2026-02-15 12:00:00
P053-3,A053,2026-03-23,1000.25,POSTED,2026-03-15 12:00:00
P053-4,A053,2026-04-23,1000.25,POSTED,2026-04-15 12:00:00
P054-1,A054,2026-01-15,1000.25,POSTED,2026-01-15 12:00:00
P054-2,A054,2026-02-15,1000.25,POSTED,2026-02-15 12:00:00
P054-3,A054,2026-03-15,1000.25,POSTED,2026-03-15 12:00:00
P054-4,A054,2026-04-15,1000.25,POSTED,2026-04-15 12:00:00
P054-5,A054,2026-05-15,1000.25,POSTED,2026-05-15 12:00:00
P055-1,A055,2026-01-16,1000.25,POSTED,2026-01-15 12:00:00
P055-2,A055,2026-02-16,1000.25,POSTED,2026-02-15 12:00:00
P055-3,A055,2026-03-16,1000.25,POSTED,2026-03-15 12:00:00
P055-4,A055,2026-04-16,1000.25,POSTED,2026-04-15 12:00:00
P055-5,A055,2026-05-16,1000.25,POSTED,2026-05-15 12:00:00
P055-6,A055,2026-06-16,1000.25,POSTED,2026-06-15 12:00:00
P057-1,A057,2026-01-18,1000.25,POSTED,2026-01-15 12:00:00
P058-1,A058,2026-01-19,1000.25,POSTED,2026-01-15 12:00:00
P058-2,A058,2026-02-19,1000.25,POSTED,2026-02-15 12:00:00
P059-1,A059,2026-01-20,1000.25,POSTED,2026-01-15 12:00:00
P059-2,A059,2026-02-20,1000.25,POSTED,2026-02-15 12:00:00
P059-3,A059,2026-03-20,1000.25,POSTED,2026-03-15 12:00:00
P060-1,A060,2026-01-21,1000.25,POSTED,2026-01-15 12:00:00
P060-2,A060,2026-02-21,1000.25,POSTED,2026-02-15 12:00:00
P060-3,A060,2026-03-21,1000.25,POSTED,2026-03-15 12:00:00
P060-4,A060,2026-04-21,1000.25,POSTED,2026-04-15 12:00:00
P-REVERSE,A001,2026-01-20,250.50,POSTED,2026-01-20 10:00:00
P-REVERSE,A001,2026-01-20,250.50,REVERSED,2026-01-21 10:00:00
P-OVER,A007,2026-02-01,8000.99,POSTED,2026-02-01 10:00:00
P-BAD,A999,2026-02-01,20.25,POSTED,2026-02-01 10:00:00
P-PENDING,A002,2026-02-01,500.25,PENDING,2026-02-01 10:00:00
P-FUTURE,A001,2026-07-01,200.25,POSTED,2026-07-01 10:00:00
