installment_id,agreement_id,due_date,due_amount,updated_at
A001-1,A001,2026-01-15,1000.25,2026-01-02 09:00:00
A001-2,A001,2026-02-15,1000.25,2026-01-02 09:00:00
A001-3,A001,2026-03-15,1000.25,2026-01-02 09:00:00
A001-4,A001,2026-04-15,1000.25,2026-01-02 09:00:00
A001-5,A001,2026-05-15,1000.25,2026-01-02 09:00:00
A001-6,A001,2026-06-15,1000.25,2026-01-02 09:00:00
A002-1,A002,2026-01-15,1000.25,2026-01-02 09:00:00
A002-2,A002,2026-02-15,1000.25,2026-01-02 09:00:00
A002-3,A002,2026-03-15,1000.25,2026-01-02 09:00:00
A002-4,A002,2026-04-15,1000.25,2026-01-02 09:00:00
A002-5,A002,2026-05-15,1000.25,2026-01-02 09:00:00
A002-6,A002,2026-06-15,1000.25,2026-01-02 09:00:00
A003-1,A003,2026-01-15,1000.25,2026-01-02 09:00:00
A003-2,A003,2026-02-15,1000.25,2026-01-02 09:00:00
A003-3,A003,2026-03-15,1000.25,2026-01-02 09:00:00
A003-4,A003,2026-04-15,1000.25,2026-01-02 09:00:00
A003-5,A003,2026-05-15,1000.25,2026-01-02 09:00:00
A003-6,A003,2026-06-15,1000.25,2026-01-02 09:00:00
A004-1,A004,2026-01-15,1000.25,2026-01-02 09:00:00
A004-2,A004,2026-02-15,1000.25,2026-01-02 09:00:00
A004-3,A004,2026-03-15,1000.25,2026-01-02 09:00:00
A004-4,A004,2026-04-15,1000.25,2026-01-02 09:00:00
A004-5,A004,2026-05-15,1000.25,2026-01-02 09:00:00
A004-6,A004,2026-06-15,1000.25,2026-01-02 09:00:00
A005-1,A005,2026-01-15,1000.25,2026-01-02 09:00:00
A005-2,A005,2026-02-15,1000.25,2026-01-02 09:00:00
A005-3,A005,2026-03-15,1000.25,2026-01-02 09:00:00
A005-4,A005,2026-04-15,1000.25,2026-01-02 09:00:00
A005-5,A005,2026-05-15,1000.25,2026-01-02 09:00:00
A005-6,A005,2026-06-15,1000.25,2026-01-02 09:00:00
A006-1,A006,2026-01-15,1000.25,2026-01-02 09:00:00
A006-2,A006,2026-02-15,1000.25,2026-01-02 09:00:00
A006-3,A006,2026-03-15,1000.25,2026-01-02 09:00:00
A006-4,A006,2026-04-15,1000.25,2026-01-02 09:00:00
A006-5,A006,2026-05-15,1000.25,2026-01-02 09:00:00
A006-6,A006,2026-06-15,1000.25,2026-01-02 09:00:00
A007-1,A007,2026-01-15,1000.25,2026-01-02 09:00:00
A007-2,A007,2026-02-15,1000.25,2026-01-02 09:00:00
A007-3,A007,2026-03-15,1000.25,2026-01-02 09:00:00
A007-4,A007,2026-04-15,1000.25,2026-01-02 09:00:00
A007-5,A007,2026-05-15,1000.25,2026-01-02 09:00:00
A007-6,A007,2026-06-15,1000.25,2026-01-02 09:00:00
A008-1,A008,2026-01-15,1000.25,2026-01-02 09:00:00
A008-2,A008,2026-02-15,1000.25,2026-01-02 09:00:00
A008-3,A008,2026-03-15,1000.25,2026-01-02 09:00:00
A008-4,A008,2026-04-15,1000.25,2026-01-02 09:00:00
A008-5,A008,2026-05-15,1000.25,2026-01-02 09:00:00
A008-6,A008,2026-06-15,1000.25,2026-01-02 09:00:00
A009-1,A009,2026-01-15,1000.25,2026-01-02 09:00:00
A009-2,A009,2026-02-15,1000.25,2026-01-02 09:00:00
A009-3,A009,2026-03-15,1000.25,2026-01-02 09:00:00
A009-4,A009,2026-04-15,1000.25,2026-01-02 09:00:00
A009-5,A009,2026-05-15,1000.25,2026-01-02 09:00:00
A009-6,A009,2026-06-15,1000.25,2026-01-02 09:00:00
A010-1,A010,2026-01-15,1000.25,2026-01-02 09:00:00
A010-2,A010,2026-02-15,1000.25,2026-01-02 09:00:00
A010-3,A010,2026-03-15,1000.25,2026-01-02 09:00:00
A010-4,A010,2026-04-15,1000.25,2026-01-02 09:00:00
A010-5,A010,2026-05-15,1000.25,2026-01-02 09:00:00
A010-6,A010,2026-06-15,1000.25,2026-01-02 09:00:00
A011-1,A011,2026-01-15,1000.25,2026-01-02 09:00:00
A011-2,A011,2026-02-15,1000.25,2026-01-02 09:00:00
A011-3,A011,2026-03-15,1000.25,2026-01-02 09:00:00
A011-4,A011,2026-04-15,1000.25,2026-01-02 09:00:00
A011-5,A011,2026-05-15,1000.25,2026-01-02 09:00:00
A011-6,A011,2026-06-15,1000.25,2026-01-02 09:00:00
A012-1,A012,2026-01-15,1000.25,2026-01-02 09:00:00
A012-2,A012,2026-02-15,1000.25,2026-01-02 09:00:00
A012-3,A012,2026-03-15,1000.25,2026-01-02 09:00:00
A012-4,A012,2026-04-15,1000.25,2026-01-02 09:00:00
A012-5,A012,2026-05-15,1000.25,2026-01-02 09:00:00
A012-6,A012,2026-06-15,1000.25,2026-01-02 09:00:00
A013-1,A013,2026-01-15,1000.25,2026-01-02 09:00:00
A013-2,A013,2026-02-15,1000.25,2026-01-02 09:00:00
A013-3,A013,2026-03-15,1000.25,2026-01-02 09:00:00
A013-4,A013,2026-04-15,1000.25,2026-01-02 09:00:00
A013-5,A013,2026-05-15,1000.25,2026-01-02 09:00:00
A013-6,A013,2026-06-15,1000.25,2026-01-02 09:00:00
A014-1,A014,2026-01-15,1000.25,2026-01-02 09:00:00
A014-2,A014,2026-02-15,1000.25,2026-01-02 09:00:00
A014-3,A014,2026-03-15,1000.25,2026-01-02 09:00:00
A014-4,A014,2026-04-15,1000.25,2026-01-02 09:00:00
A014-5,A014,2026-05-15,1000.25,2026-01-02 09:00:00
A014-6,A014,2026-06-15,1000.25,2026-01-02 09:00:00
A015-1,A015,2026-01-15,1000.25,2026-01-02 09:00:00
A015-2,A015,2026-02-15,1000.25,2026-01-02 09:00:00
A015-3,A015,2026-03-15,1000.25,2026-01-02 09:00:00
A015-4,A015,2026-04-15,1000.25,2026-01-02 09:00:00
A015-5,A015,2026-05-15,1000.25,2026-01-02 09:00:00
A015-6,A015,2026-06-15,1000.25,2026-01-02 09:00:00
A016-1,A016,2026-01-15,1000.25,2026-01-02 09:00:00
A016-2,A016,2026-02-15,1000.25,2026-01-02 09:00:00
A016-3,A016,2026-03-15,1000.25,2026-01-02 09:00:00
A016-4,A016,2026-04-15,1000.25,2026-01-02 09:00:00
A016-5,A016,2026-05-15,1000.25,2026-01-02 09:00:00
A016-6,A016,2026-06-15,1000.25,2026-01-02 09:00:00
A017-1,A017,2026-01-15,1000.25,2026-01-02 09:00:00
A017-2,A017,2026-02-15,1000.25,2026-01-02 09:00:00
A017-3,A017,2026-03-15,1000.25,2026-01-02 09:00:00
A017-4,A017,2026-04-15,1000.25,2026-01-02 09:00:00
A017-5,A017,2026-05-15,1000.25,2026-01-02 09:00:00
A017-6,A017,2026-06-15,1000.25,2026-01-02 09:00:00
A018-1,A018,2026-01-15,1000.25,2026-01-02 09:00:00
A018-2,A018,2026-02-15,1000.25,2026-01-02 09:00:00
A018-3,A018,2026-03-15,1000.25,2026-01-02 09:00:00
A018-4,A018,2026-04-15,1000.25,2026-01-02 09:00:00
A018-5,A018,2026-05-15,1000.25,2026-01-02 09:00:00
A018-6,A018,2026-06-15,1000.25,2026-01-02 09:00:00
A019-1,A019,2026-01-15,1000.25,2026-01-02 09:00:00
A019-2,A019,2026-02-15,1000.25,2026-01-02 09:00:00
A019-3,A019,2026-03-15,1000.25,2026-01-02 09:00:00
A019-4,A019,2026-04-15,1000.25,2026-01-02 09:00:00
A019-5,A019,2026-05-15,1000.25,2026-01-02 09:00:00
A019-6,A019,2026-06-15,1000.25,2026-01-02 09:00:00
A020-1,A020,2026-01-15,1000.25,2026-01-02 09:00:00
A020-2,A020,2026-02-15,1000.25,2026-01-02 09:00:00
A020-3,A020,2026-03-15,1000.25,2026-01-02 09:00:00
A020-4,A020,2026-04-15,1000.25,2026-01-02 09:00:00
A020-5,A020,2026-05-15,1000.25,2026-01-02 09:00:00
A020-6,A020,2026-06-15,1000.25,2026-01-02 09:00:00
A021-1,A021,2026-01-15,1000.25,2026-01-02 09:00:00
A021-2,A021,2026-02-15,1000.25,2026-01-02 09:00:00
A021-3,A021,2026-03-15,1000.25,2026-01-02 09:00:00
A021-4,A021,2026-04-15,1000.25,2026-01-02 09:00:00
A021-5,A021,2026-05-15,1000.25,2026-01-02 09:00:00
A021-6,A021,2026-06-15,1000.25,2026-01-02 09:00:00
A022-1,A022,2026-01-15,1000.25,2026-01-02 09:00:00
A022-2,A022,2026-02-15,1000.25,2026-01-02 09:00:00
A022-3,A022,2026-03-15,1000.25,2026-01-02 09:00:00
A022-4,A022,2026-04-15,1000.25,2026-01-02 09:00:00
A022-5,A022,2026-05-15,1000.25,2026-01-02 09:00:00
A022-6,A022,2026-06-15,1000.25,2026-01-02 09:00:00
A023-1,A023,2026-01-15,1000.25,2026-01-02 09:00:00
A023-2,A023,2026-02-15,1000.25,2026-01-02 09:00:00
A023-3,A023,2026-03-15,1000.25,2026-01-02 09:00:00
A023-4,A023,2026-04-15,1000.25,2026-01-02 09:00:00
A023-5,A023,2026-05-15,1000.25,2026-01-02 09:00:00
A023-6,A023,2026-06-15,1000.25,2026-01-02 09:00:00
A024-1,A024,2026-01-15,1000.25,2026-01-02 09:00:00
A024-2,A024,2026-02-15,1000.25,2026-01-02 09:00:00
A024-3,A024,2026-03-15,1000.25,2026-01-02 09:00:00
A024-4,A024,2026-04-15,1000.25,2026-01-02 09:00:00
A024-5,A024,2026-05-15,1000.25,2026-01-02 09:00:00
A024-6,A024,2026-06-15,1000.25,2026-01-02 09:00:00
A025-1,A025,2026-01-15,1000.25,2026-01-02 09:00:00
A025-2,A025,2026-02-15,1000.25,2026-01-02 09:00:00
A025-3,A025,2026-03-15,1000.25,2026-01-02 09:00:00
A025-4,A025,2026-04-15,1000.25,2026-01-02 09:00:00
A025-5,A025,2026-05-15,1000.25,2026-01-02 09:00:00
A025-6,A025,2026-06-15,1000.25,2026-01-02 09:00:00
A026-1,A026,2026-01-15,1000.25,2026-01-02 09:00:00
A026-2,A026,2026-02-15,1000.25,2026-01-02 09:00:00
A026-3,A026,2026-03-15,1000.25,2026-01-02 09:00:00
A026-4,A026,2026-04-15,1000.25,2026-01-02 09:00:00
A026-5,A026,2026-05-15,1000.25,2026-01-02 09:00:00
A026-6,A026,2026-06-15,1000.25,2026-01-02 09:00:00
A027-1,A027,2026-01-15,1000.25,2026-01-02 09:00:00
A027-2,A027,2026-02-15,1000.25,2026-01-02 09:00:00
A027-3,A027,2026-03-15,1000.25,2026-01-02 09:00:00
A027-4,A027,2026-04-15,1000.25,2026-01-02 09:00:00
A027-5,A027,2026-05-15,1000.25,2026-01-02 09:00:00
A027-6,A027,2026-06-15,1000.25,2026-01-02 09:00:00
A028-1,A028,2026-01-15,1000.25,2026-01-02 09:00:00
A028-2,A028,2026-02-15,1000.25,2026-01-02 09:00:00
A028-3,A028,2026-03-15,1000.25,2026-01-02 09:00:00
A028-4,A028,2026-04-15,1000.25,2026-01-02 09:00:00
A028-5,A028,2026-05-15,1000.25,2026-01-02 09:00:00
A028-6,A028,2026-06-15,1000.25,2026-01-02 09:00:00
A029-1,A029,2026-01-15,1000.25,2026-01-02 09:00:00
A029-2,A029,2026-02-15,1000.25,2026-01-02 09:00:00
A029-3,A029,2026-03-15,1000.25,2026-01-02 09:00:00
A029-4,A029,2026-04-15,1000.25,2026-01-02 09:00:00
A029-5,A029,2026-05-15,1000.25,2026-01-02 09:00:00
A029-6,A029,2026-06-15,1000.25,2026-01-02 09:00:00
A030-1,A030,2026-01-15,1000.25,2026-01-02 09:00:00
A030-2,A030,2026-02-15,1000.25,2026-01-02 09:00:00
A030-3,A030,2026-03-15,1000.25,2026-01-02 09:00:00
A030-4,A030,2026-04-15,1000.25,2026-01-02 09:00:00
A030-5,A030,2026-05-15,1000.25,2026-01-02 09:00:00
A030-6,A030,2026-06-15,1000.25,2026-01-02 09:00:00
A031-1,A031,2026-01-15,1000.25,2026-01-02 09:00:00
A031-2,A031,2026-02-15,1000.25,2026-01-02 09:00:00
A031-3,A031,2026-03-15,1000.25,2026-01-02 09:00:00
A031-4,A031,2026-04-15,1000.25,2026-01-02 09:00:00
A031-5,A031,2026-05-15,1000.25,2026-01-02 09:00:00
A031-6,A031,2026-06-15,1000.25,2026-01-02 09:00:00
A032-1,A032,2026-01-15,1000.25,2026-01-02 09:00:00
A032-2,A032,2026-02-15,1000.25,2026-01-02 09:00:00
A032-3,A032,2026-03-15,1000.25,2026-01-02 09:00:00
A032-4,A032,2026-04-15,1000.25,2026-01-02 09:00:00
A032-5,A032,2026-05-15,1000.25,2026-01-02 09:00:00
A032-6,A032,2026-06-15,1000.25,2026-01-02 09:00:00
A033-1,A033,2026-01-15,1000.25,2026-01-02 09:00:00
A033-2,A033,2026-02-15,1000.25,2026-01-02 09:00:00
A033-3,A033,2026-03-15,1000.25,2026-01-02 09:00:00
A033-4,A033,2026-04-15,1000.25,2026-01-02 09:00:00
A033-5,A033,2026-05-15,1000.25,2026-01-02 09:00:00
A033-6,A033,2026-06-15,1000.25,2026-01-02 09:00:00
A034-1,A034,2026-01-15,1000.25,2026-01-02 09:00:00
A034-2,A034,2026-02-15,1000.25,2026-01-02 09:00:00
A034-3,A034,2026-03-15,1000.25,2026-01-02 09:00:00
A034-4,A034,2026-04-15,1000.25,2026-01-02 09:00:00
A034-5,A034,2026-05-15,1000.25,2026-01-02 09:00:00
A034-6,A034,2026-06-15,1000.25,2026-01-02 09:00:00
A035-1,A035,2026-01-15,1000.25,2026-01-02 09:00:00
A035-2,A035,2026-02-15,1000.25,2026-01-02 09:00:00
A035-3,A035,2026-03-15,1000.25,2026-01-02 09:00:00
A035-4,A035,2026-04-15,1000.25,2026-01-02 09:00:00
A035-5,A035,2026-05-15,1000.25,2026-01-02 09:00:00
A035-6,A035,2026-06-15,1000.25,2026-01-02 09:00:00
A036-1,A036,2026-01-15,1000.25,2026-01-02 09:00:00
A036-2,A036,2026-02-15,1000.25,2026-01-02 09:00:00
A036-3,A036,2026-03-15,1000.25,2026-01-02 09:00:00
A036-4,A036,2026-04-15,1000.25,2026-01-02 09:00:00
A036-5,A036,2026-05-15,1000.25,2026-01-02 09:00:00
A036-6,A036,2026-06-15,1000.25,2026-01-02 09:00:00
A037-1,A037,2026-01-15,1000.25,2026-01-02 09:00:00
A037-2,A037,2026-02-15,1000.25,2026-01-02 09:00:00
A037-3,A037,2026-03-15,1000.25,2026-01-02 09:00:00
A037-4,A037,2026-04-15,1000.25,2026-01-02 09:00:00
A037-5,A037,2026-05-15,1000.25,2026-01-02 09:00:00
A037-6,A037,2026-06-15,1000.25,2026-01-02 09:00:00
A038-1,A038,2026-01-15,1000.25,2026-01-02 09:00:00
A038-2,A038,2026-02-15,1000.25,2026-01-02 09:00:00
A038-3,A038,2026-03-15,1000.25,2026-01-02 09:00:00
A038-4,A038,2026-04-15,1000.25,2026-01-02 09:00:00
A038-5,A038,2026-05-15,1000.25,2026-01-02 09:00:00
A038-6,A038,2026-06-15,1000.25,2026-01-02 09:00:00
A039-1,A039,2026-01-15,1000.25,2026-01-02 09:00:00
A039-2,A039,2026-02-15,1000.25,2026-01-02 09:00:00
A039-3,A039,2026-03-15,1000.25,2026-01-02 09:00:00
A039-4,A039,2026-04-15,1000.25,2026-01-02 09:00:00
A039-5,A039,2026-05-15,1000.25,2026-01-02 09:00:00
A039-6,A039,2026-06-15,1000.25,2026-01-02 09:00:00
A040-1,A040,2026-01-15,1000.25,2026-01-02 09:00:00
A040-2,A040,2026-02-15,1000.25,2026-01-02 09:00:00
A040-3,A040,2026-03-15,1000.25,2026-01-02 09:00:00
A040-4,A040,2026-04-15,1000.25,2026-01-02 09:00:00
A040-5,A040,2026-05-15,1000.25,2026-01-02 09:00:00
A040-6,A040,2026-06-15,1000.25,2026-01-02 09:00:00
A041-1,A041,2026-01-15,1000.25,2026-01-02 09:00:00
A041-2,A041,2026-02-15,1000.25,2026-01-02 09:00:00
A041-3,A041,2026-03-15,1000.25,2026-01-02 09:00:00
A041-4,A041,2026-04-15,1000.25,2026-01-02 09:00:00
A041-5,A041,2026-05-15,1000.25,2026-01-02 09:00:00
A041-6,A041,2026-06-15,1000.25,2026-01-02 09:00:00
A042-1,A042,2026-01-15,1000.25,2026-01-02 09:00:00
A042-2,A042,2026-02-15,1000.25,2026-01-02 09:00:00
A042-3,A042,2026-03-15,1000.25,2026-01-02 09:00:00
A042-4,A042,2026-04-15,1000.25,2026-01-02 09:00:00
A042-5,A042,2026-05-15,1000.25,2026-01-02 09:00:00
A042-6,A042,2026-06-15,1000.25,2026-01-02 09:00:00
A043-1,A043,2026-01-15,1000.25,2026-01-02 09:00:00
A043-2,A043,2026-02-15,1000.25,2026-01-02 09:00:00
A043-3,A043,2026-03-15,1000.25,2026-01-02 09:00:00
A043-4,A043,2026-04-15,1000.25,2026-01-02 09:00:00
A043-5,A043,2026-05-15,1000.25,2026-01-02 09:00:00
A043-6,A043,2026-06-15,1000.25,2026-01-02 09:00:00
A044-1,A044,2026-01-15,1000.25,2026-01-02 09:00:00
A044-2,A044,2026-02-15,1000.25,2026-01-02 09:00:00
A044-3,A044,2026-03-15,1000.25,2026-01-02 09:00:00
A044-4,A044,2026-04-15,1000.25,2026-01-02 09:00:00
A044-5,A044,2026-05-15,1000.25,2026-01-02 09:00:00
A044-6,A044,2026-06-15,1000.25,2026-01-02 09:00:00
A045-1,A045,2026-01-15,1000.25,2026-01-02 09:00:00
A045-2,A045,2026-02-15,1000.25,2026-01-02 09:00:00
A045-3,A045,2026-03-15,1000.25,2026-01-02 09:00:00
A045-4,A045,2026-04-15,1000.25,2026-01-02 09:00:00
A045-5,A045,2026-05-15,1000.25,2026-01-02 09:00:00
A045-6,A045,2026-06-15,1000.25,2026-01-02 09:00:00
A046-1,A046,2026-01-15,1000.25,2026-01-02 09:00:00
A046-2,A046,2026-02-15,1000.25,2026-01-02 09:00:00
A046-3,A046,2026-03-15,1000.25,2026-01-02 09:00:00
A046-4,A046,2026-04-15,1000.25,2026-01-02 09:00:00
A046-5,A046,2026-05-15,1000.25,2026-01-02 09:00:00
A046-6,A046,2026-06-15,1000.25,2026-01-02 09:00:00
A047-1,A047,2026-01-15,1000.25,2026-01-02 09:00:00
A047-2,A047,2026-02-15,1000.25,2026-01-02 09:00:00
A047-3,A047,2026-03-15,1000.25,2026-01-02 09:00:00
A047-4,A047,2026-04-15,1000.25,2026-01-02 09:00:00
A047-5,A047,2026-05-15,1000.25,2026-01-02 09:00:00
A047-6,A047,2026-06-15,1000.25,2026-01-02 09:00:00
A048-1,A048,2026-01-15,1000.25,2026-01-02 09:00:00
A048-2,A048,2026-02-15,1000.25,2026-01-02 09:00:00
A048-3,A048,2026-03-15,1000.25,2026-01-02 09:00:00
A048-4,A048,2026-04-15,1000.25,2026-01-02 09:00:00
A048-5,A048,2026-05-15,1000.25,2026-01-02 09:00:00
A048-6,A048,2026-06-15,1000.25,2026-01-02 09:00:00
A049-1,A049,2026-01-15,1000.25,2026-01-02 09:00:00
A049-2,A049,2026-02-15,1000.25,2026-01-02 09:00:00
A049-3,A049,2026-03-15,1000.25,2026-01-02 09:00:00
A049-4,A049,2026-04-15,1000.25,2026-01-02 09:00:00
A049-5,A049,2026-05-15,1000.25,2026-01-02 09:00:00
A049-6,A049,2026-06-15,1000.25,2026-01-02 09:00:00
A050-1,A050,2026-01-15,1000.25,2026-01-02 09:00:00
A050-2,A050,2026-02-15,1000.25,2026-01-02 09:00:00
A050-3,A050,2026-03-15,1000.25,2026-01-02 09:00:00
A050-4,A050,2026-04-15,1000.25,2026-01-02 09:00:00
A050-5,A050,2026-05-15,1000.25,2026-01-02 09:00:00
A050-6,A050,2026-06-15,1000.25,2026-01-02 09:00:00
A051-1,A051,2026-01-15,1000.25,2026-01-02 09:00:00
A051-2,A051,2026-02-15,1000.25,2026-01-02 09:00:00
A051-3,A051,2026-03-15,1000.25,2026-01-02 09:00:00
A051-4,A051,2026-04-15,1000.25,2026-01-02 09:00:00
A051-5,A051,2026-05-15,1000.25,2026-01-02 09:00:00
A051-6,A051,2026-06-15,1000.25,2026-01-02 09:00:00
A052-1,A052,2026-01-15,1000.25,2026-01-02 09:00:00
A052-2,A052,2026-02-15,1000.25,2026-01-02 09:00:00
A052-3,A052,2026-03-15,1000.25,2026-01-02 09:00:00
A052-4,A052,2026-04-15,1000.25,2026-01-02 09:00:00
A052-5,A052,2026-05-15,1000.25,2026-01-02 09:00:00
A052-6,A052,2026-06-15,1000.25,2026-01-02 09:00:00
A053-1,A053,2026-01-15,1000.25,2026-01-02 09:00:00
A053-2,A053,2026-02-15,1000.25,2026-01-02 09:00:00
A053-3,A053,2026-03-15,1000.25,2026-01-02 09:00:00
A053-4,A053,2026-04-15,1000.25,2026-01-02 09:00:00
A053-5,A053,2026-05-15,1000.25,2026-01-02 09:00:00
A053-6,A053,2026-06-15,1000.25,2026-01-02 09:00:00
A054-1,A054,2026-01-15,1000.25,2026-01-02 09:00:00
A054-2,A054,2026-02-15,1000.25,2026-01-02 09:00:00
A054-3,A054,2026-03-15,1000.25,2026-01-02 09:00:00
A054-4,A054,2026-04-15,1000.25,2026-01-02 09:00:00
A054-5,A054,2026-05-15,1000.25,2026-01-02 09:00:00
A054-6,A054,2026-06-15,1000.25,2026-01-02 09:00:00
A055-1,A055,2026-01-15,1000.25,2026-01-02 09:00:00
A055-2,A055,2026-02-15,1000.25,2026-01-02 09:00:00
A055-3,A055,2026-03-15,1000.25,2026-01-02 09:00:00
A055-4,A055,2026-04-15,1000.25,2026-01-02 09:00:00
A055-5,A055,2026-05-15,1000.25,2026-01-02 09:00:00
A055-6,A055,2026-06-15,1000.25,2026-01-02 09:00:00
A056-1,A056,2026-01-15,1000.25,2026-01-02 09:00:00
A056-2,A056,2026-02-15,1000.25,2026-01-02 09:00:00
A056-3,A056,2026-03-15,1000.25,2026-01-02 09:00:00
A056-4,A056,2026-04-15,1000.25,2026-01-02 09:00:00
A056-5,A056,2026-05-15,1000.25,2026-01-02 09:00:00
A056-6,A056,2026-06-15,1000.25,2026-01-02 09:00:00
A057-1,A057,2026-01-15,1000.25,2026-01-02 09:00:00
A057-2,A057,2026-02-15,1000.25,2026-01-02 09:00:00
A057-3,A057,2026-03-15,1000.25,2026-01-02 09:00:00
A057-4,A057,2026-04-15,1000.25,2026-01-02 09:00:00
A057-5,A057,2026-05-15,1000.25,2026-01-02 09:00:00
A057-6,A057,2026-06-15,1000.25,2026-01-02 09:00:00
A058-1,A058,2026-01-15,1000.25,2026-01-02 09:00:00
A058-2,A058,2026-02-15,1000.25,2026-01-02 09:00:00
A058-3,A058,2026-03-15,1000.25,2026-01-02 09:00:00
A058-4,A058,2026-04-15,1000.25,2026-01-02 09:00:00
A058-5,A058,2026-05-15,1000.25,2026-01-02 09:00:00
A058-6,A058,2026-06-15,1000.25,2026-01-02 09:00:00
A059-1,A059,2026-01-15,1000.25,2026-01-02 09:00:00
A059-2,A059,2026-02-15,1000.25,2026-01-02 09:00:00
A059-3,A059,2026-03-15,1000.25,2026-01-02 09:00:00
A059-4,A059,2026-04-15,1000.25,2026-01-02 09:00:00
A059-5,A059,2026-05-15,1000.25,2026-01-02 09:00:00
A059-6,A059,2026-06-15,1000.25,2026-01-02 09:00:00
A060-1,A060,2026-01-15,1000.25,2026-01-02 09:00:00
A060-2,A060,2026-02-15,1000.25,2026-01-02 09:00:00
A060-3,A060,2026-03-15,1000.25,2026-01-02 09:00:00
A060-4,A060,2026-04-15,1000.25,2026-01-02 09:00:00
A060-5,A060,2026-05-15,1000.25,2026-01-02 09:00:00
A060-6,A060,2026-06-15,1000.25,2026-01-02 09:00:00
A001-1,A001,2026-01-15,1000.25,2026-01-02 09:00:00
A001-2,A001,2026-02-15,1100.75,2026-02-01 10:00:00
